Air Humidity%,Soil Moisture%,Air Temperature,Rain,Sunlight%,Pump Status
44,69,22.17,True,63,1
47,19,2.33,True,91,1
64,22,5.75,True,77,1
67,11,35.15,True,33,1
67,11,36.1,False,78,0
9,33,21.89,False,8,1
83,7,-5.11,True,68,1
21,26,3.05,True,46,1
36,48,-1.1,False,85,0
87,71,21.0,False,45,0
70,54,-2.28,True,92,1
88,96,12.04,False,22,0
88,100,17.62,False,14,0
12,82,1.39,True,0,1
58,87,1.36,False,50,0
65,21,3.35,False,54,0
39,2,34.85,True,50,1
87,8,18.23,True,9,1
46,10,-3.71,True,33,1
88,5,0.25,True,40,1
81,38,36.84,True,40,1
37,38,8.66,False,7,1
25,100,7.52,True,26,1
77,65,13.5,True,29,1
72,59,9.71,False,50,0
9,36,6.91,False,57,1
20,5,8.32,True,17,1
80,5,33.32,True,10,1
69,38,24.74,True,43,1
79,35,-9.11,False,62,0
47,88,37.91,True,97,1
64,49,31.18,True,65,1
82,79,36.05,True,19,1
99,84,2.03,False,93,0
88,9,24.42,True,6,1
49,4,38.84,True,5,1
29,49,-3.65,True,68,1
19,24,27.33,True,66,1
19,94,2.13,False,40,0
14,2,15.5,False,80,1
39,83,2.62,False,71,0
32,3,22.45,True,40,1
65,77,24.38,False,24,0
9,11,-7.87,True,87,1
57,13,17.46,True,52,1
32,100,22.16,True,22,1
31,81,18.52,True,41,1
74,26,3.68,True,6,1
23,70,1.04,True,78,1
35,47,-2.32,True,51,1
75,98,27.99,True,39,1
55,21,29.64,True,24,1
28,20,17.52,False,31,1
34,42,16.62,True,20,1
0,57,8.06,False,18,0
0,17,-6.21,False,35,1
36,89,39.2,True,96,1
53,85,33.49,False,84,0
5,55,0.27,False,88,0
38,100,11.24,False,96,0
17,68,22.63,False,91,0
79,98,17.63,True,44,1
4,11,2.56,True,100,1
42,98,6.2,True,82,1
58,97,29.41,True,22,1
31,19,-1.88,True,98,1
1,11,-5.92,True,31,1
65,97,15.66,False,50,0
41,25,1.07,True,18,1
57,97,1.62,True,78,1
35,95,16.3,False,7,0
11,45,14.93,True,11,1
46,6,36.4,False,63,1
82,89,15.17,False,74,0
91,88,-0.18,False,57,0
0,38,-8.65,True,58,1
14,51,-5.79,True,38,1
99,16,10.99,True,41,1
53,23,15.86,True,86,1
12,90,22.32,False,64,0
42,3,13.56,True,34,1
84,90,22.91,True,81,1
75,46,-9.96,True,42,1
68,29,-9.26,False,52,0
6,2,30.14,False,70,1
68,5,20.69,False,3,0
47,71,27.79,True,40,1
3,15,8.92,False,91,1
76,78,20.05,False,76,0
100,35,13.46,True,39,1
52,52,26.27,False,85,0
78,7,-5.12,False,25,0
15,51,-4.13,False,0,0
20,51,30.66,True,34,1
99,29,-4.73,True,65,1
58,55,38.23,False,43,0
23,11,25.63,True,37,1
79,67,16.2,False,89,0
13,77,34.31,False,87,0
85,55,33.17,True,42,1
48,88,28.77,True,68,1
49,68,29.86,False,52,0
69,86,29.07,True,71,1
41,57,18.49,True,93,1
35,93,26.34,False,1,0
64,11,12.86,False,23,0
95,78,30.11,True,87,1
69,82,27.18,False,88,0
94,89,33.31,False,89,0
0,3,36.37,True,69,1
50,37,-9.32,False,22,1
36,7,14.02,False,80,1
34,29,35.86,True,95,1
48,78,-1.5,True,64,1
93,11,-8.04,False,67,0
3,73,11.51,True,97,1
98,11,11.56,True,31,1
42,16,16.56,True,70,1
77,60,13.53,True,52,1
21,63,24.9,True,64,1
73,59,17.09,True,8,1
0,1,17.12,False,24,1
10,18,23.36,False,70,1
43,53,16.12,True,75,1
58,28,-6.89,True,68,1
23,64,30.56,False,62,0
59,85,4.32,True,71,1
2,88,35.08,False,25,0
98,73,22.11,True,51,1
62,8,28.19,False,42,0
35,82,5.63,True,5,1
94,11,-2.2,True,37,1
67,92,22.57,True,4,1
82,51,6.85,False,62,0
46,81,11.51,True,42,1
99,55,32.47,False,12,0
20,15,-8.88,True,16,1
81,3,29.72,True,57,1
50,88,36.21,True,69,1
27,85,15.31,True,13,1
14,28,-2.79,False,11,1
41,58,9.81,True,86,1
58,85,-2.55,True,39,1
65,78,-3.86,True,0,1
36,65,38.2,False,24,0
10,76,5.17,False,27,0
86,11,3.33,True,30,1
43,25,28.55,False,88,1
11,11,16.42,True,92,1
2,90,33.65,True,24,1
51,34,39.99,True,94,1
80,1,-5.99,True,52,1
32,16,-2.85,False,32,1
54,1,37.16,True,62,1
0,16,0.57,False,61,1
38,33,-7.75,False,99,1
19,33,33.02,False,86,1
46,44,-6.32,True,47,1
42,40,38.09,False,8,0
56,72,28.01,False,3,0
60,77,10.22,True,100,1
77,83,-6.74,False,52,0
30,32,25.58,True,78,1
24,23,18.49,True,60,1
2,68,-2.43,False,100,0
3,31,21.37,True,59,1
94,22,22.87,False,81,0
98,64,37.27,False,59,0
13,31,12.89,False,83,1
40,79,15.62,False,88,0
72,83,35.43,False,88,0
19,15,2.32,False,99,1
95,51,3.17,True,65,1
72,12,36.51,True,76,1
26,45,8.67,True,84,1
66,10,28.58,True,7,1
52,80,6.99,False,86,0
67,70,0.91,True,44,1
61,21,5.44,False,79,0
14,94,15.35,False,32,0
96,67,1.09,False,33,0
4,80,26.5,True,77,1
67,64,-6.25,False,1,0
11,1,17.67,False,3,1
86,50,18.83,True,39,1
77,96,5.78,True,62,1
75,82,-7.78,True,62,1
56,82,15.62,True,100,1
16,57,-6.81,False,27,0
24,22,32.4,False,58,1
29,15,37.47,True,98,1
21,15,3.25,True,47,1
25,28,-4.93,False,25,1
80,71,4.34,True,80,1
60,27,-0.17,True,73,1
61,88,-9.55,False,25,0
83,57,34.57,False,64,0
33,58,29.45,True,15,1
32,88,5.14,True,80,1
100,76,22.24,False,100,0
70,13,38.52,True,7,1
85,18,29.28,False,23,0
31,78,27.45,False,40,0
13,78,20.38,True,38,1
71,20,8.5,False,37,0
56,71,19.23,False,68,0
24,55,-2.14,True,98,1
79,44,-8.11,False,86,0
41,91,9.64,True,60,1
18,44,-2.29,True,49,1
40,15,-2.36,False,30,1
54,87,13.99,True,97,1
79,75,-1.15,False,91,0
11,77,-0.01,True,71,1
38,29,18.76,False,77,1
93,95,12.85,False,89,0
1,82,25.91,True,37,1
95,4,13.15,True,31,1
44,28,5.37,True,100,1
88,65,21.79,True,49,1
24,49,14.13,False,47,0
67,49,38.88,False,53,0
82,87,2.39,True,8,1
3,57,23.75,False,18,0
76,80,39.37,False,84,0
35,41,36.3,False,25,0
86,90,2.63,True,39,1
61,66,25.97,False,93,0
69,47,9.33,False,2,0
87,17,27.97,False,50,0
43,20,-3.71,True,81,1
32,38,38.65,True,97,1
11,64,-2.53,True,3,1
84,6,24.98,True,26,1
10,22,7.28,False,53,1
54,79,-0.65,True,88,1
37,74,9.54,False,63,0
28,34,38.57,False,94,1
2,40,-4.26,True,57,1
27,38,-8.35,False,65,1
83,21,29.81,True,82,1
89,34,31.0,True,71,1
23,32,14.29,True,43,1
53,42,38.05,False,69,0
51,44,21.39,False,58,0
46,99,19.55,False,40,0
20,41,31.65,False,19,0
53,27,-9.94,True,34,1
29,48,-0.17,False,85,0
67,10,4.36,False,100,0
35,68,12.34,True,88,1
39,17,-3.81,True,94,1
9,3,32.99,False,65,1
73,94,25.78,True,0,1
41,87,28.55,True,88,1
23,29,-5.44,False,47,1
3,30,15.07,True,4,1
46,75,-4.01,True,64,1
90,66,3.7,False,36,0
50,93,36.03,True,60,1
3,60,28.63,False,50,0
31,7,28.6,False,55,1
9,51,27.65,False,84,0
10,73,10.23,False,68,0
27,87,-5.65,False,5,0
45,64,36.54,False,61,0
71,17,24.72,False,78,0
39,40,28.91,True,22,1
61,21,29.58,False,79,0
85,94,31.17,False,83,0
97,26,9.12,True,76,1
44,15,36.74,True,61,1
34,17,13.48,False,39,1
34,10,0.8,False,32,1
88,17,15.73,True,57,1
33,3,22.2,False,30,1
5,73,5.97,False,84,0
36,29,-4.66,False,20,1
0,67,12.84,False,58,0
75,71,14.39,True,69,1
34,80,28.57,False,74,0
69,98,-6.38,False,88,0
53,4,23.52,True,75,1
80,61,-2.6,True,21,1
62,90,24.06,True,70,1
8,100,7.1,True,65,1
61,6,32.25,True,52,1
1,32,12.82,True,13,1
81,81,1.69,True,79,1
35,37,28.13,False,43,1
91,27,38.93,True,85,1
40,51,21.68,True,67,1
36,78,-3.28,True,93,1
48,59,0.22,False,9,0
25,86,8.98,True,54,1
67,95,14.83,False,88,0
35,8,-8.99,True,55,1
30,56,14.09,True,100,1
29,29,13.74,False,55,1
33,28,11.79,False,56,1
18,95,5.43,True,49,1
17,34,37.85,True,20,1
93,58,23.3,True,37,1
84,81,29.38,True,53,1
2,92,15.78,False,61,0
69,16,8.31,False,83,0
12,72,8.56,True,40,1
44,59,3.67,True,67,1
66,7,17.35,True,37,1
91,12,32.71,True,3,1
85,32,-8.04,False,84,0
39,84,27.56,False,38,0
39,75,29.19,True,94,1
75,93,9.74,True,33,1
22,40,27.19,True,89,1
30,0,9.46,True,41,1
17,84,5.77,False,22,0
70,92,1.77,False,66,0
71,77,30.19,True,57,1
18,37,-8.55,True,27,1
92,47,1.95,False,58,0
43,61,5.07,True,28,1
83,50,20.38,True,60,1
49,68,11.29,False,99,0
41,76,23.15,True,47,1
93,57,-2.85,True,33,1
46,4,7.17,False,25,1
21,36,16.47,False,74,1
73,80,21.13,True,72,1
89,82,3.48,True,81,1
96,37,3.06,True,89,1
91,94,-7.68,True,7,1
73,35,31.14,True,51,1
28,48,-8.6,True,29,1
81,0,8.03,False,39,0
58,49,-1.0,True,41,1
0,57,15.09,True,20,1
86,9,39.03,False,33,0
63,50,11.05,True,10,1
16,97,19.28,True,76,1
36,48,19.56,False,47,0
94,12,-7.15,True,2,1
24,70,26.06,True,96,1
63,36,28.82,True,88,1
67,99,26.69,False,53,0
51,36,-2.66,False,69,1
8,30,12.69,True,19,1
56,19,9.86,False,0,1
91,38,9.29,True,17,1
93,44,-6.59,False,87,0
87,35,29.52,True,84,1
32,14,-9.75,True,58,1
19,29,-1.84,False,100,1
72,51,24.84,False,36,0
71,60,1.37,False,12,0
87,81,32.35,False,44,0
13,67,20.08,False,100,0
58,29,27.66,True,79,1
81,27,1.29,False,37,0
55,3,27.57,False,24,1
64,33,31.8,False,45,0
75,51,17.1,False,52,0
92,27,-8.63,True,84,1
36,100,6.5,True,60,1
25,56,19.56,False,7,0
32,21,36.9,False,23,1
42,39,0.88,True,20,1
14,74,-7.81,True,69,1
86,29,19.8,True,7,1
28,29,17.05,True,36,1
20,61,10.32,True,9,1
82,58,37.68,True,69,1
68,24,-5.79,False,25,0
22,16,37.56,False,33,1
99,64,-8.25,False,84,0
83,100,16.95,True,64,1
7,98,37.28,False,33,0
72,13,13.09,False,83,0
61,1,-4.49,False,73,0
13,2,38.43,True,2,1
5,66,12.58,True,16,1
0,19,30.78,True,87,1
8,76,24.08,False,61,0
79,30,10.29,True,58,1
79,39,39.12,False,25,0
53,85,22.86,False,42,0
11,77,27.87,False,80,0
4,49,-8.92,True,17,1
39,26,20.46,True,40,1
92,12,37.26,False,60,0
45,64,2.1,False,81,0
26,1,2.51,False,41,1
74,36,32.51,False,38,0
52,10,37.27,True,76,1
49,32,8.56,True,70,1
91,28,23.79,False,24,0
51,58,35.78,True,33,1
99,66,-5.24,False,78,0
18,92,14.25,True,69,1
34,65,29.04,False,9,0
51,77,22.42,False,37,0
30,83,-3.67,False,11,0
53,47,33.0,False,25,0
58,81,20.9,True,16,1
43,36,37.53,True,83,1
55,71,20.09,False,61,0
18,53,30.73,True,23,1
45,70,39.37,False,50,0
87,9,29.37,True,9,1
65,15,14.57,False,42,0
70,18,19.42,True,41,1
53,29,18.66,False,26,1
48,53,-7.53,False,42,0
94,60,9.26,False,62,0
59,42,11.11,False,11,0
80,82,-3.52,False,71,0
26,2,-7.93,True,91,1
35,29,-9.76,True,32,1
58,17,7.84,False,30,1
49,35,2.13,False,86,1
73,19,17.77,True,29,1
44,16,36.2,False,32,1
13,23,-8.05,False,66,1
70,12,11.76,False,22,0
38,99,23.38,False,47,0
39,56,-5.79,False,40,0
8,66,20.6,True,24,1
13,20,8.45,False,14,1
7,3,28.26,True,2,1
80,81,2.38,False,67,0
22,44,-3.83,True,33,1
79,38,-4.65,False,42,0
89,42,14.74,True,36,1
8,74,18.1,True,0,1
99,37,0.94,True,24,1
6,40,17.54,False,50,0
81,27,25.89,True,38,1
71,4,2.49,True,55,1
84,51,-9.49,True,12,1
89,22,31.55,True,15,1
66,37,32.18,True,26,1
60,35,8.88,True,23,1
16,30,36.91,False,56,1
56,7,31.34,True,93,1
23,88,5.87,True,16,1
24,88,19.91,False,82,0
4,15,10.21,True,45,1
100,10,-4.16,False,33,0
49,19,10.62,True,3,1
87,77,32.18,False,58,0
30,56,16.16,True,71,1
54,18,20.42,True,57,1
25,71,7.99,False,20,0
20,60,-1.21,True,88,1
97,24,18.5,True,66,1
57,32,17.59,False,60,1
23,39,37.81,True,10,1
27,100,-9.53,True,51,1
29,16,34.91,True,98,1
33,52,36.29,True,88,1
53,90,2.03,True,0,1
51,80,-7.72,False,70,0
86,46,32.44,False,13,0
7,96,-1.55,False,25,0
9,94,9.84,False,91,0
54,84,12.66,False,47,0
0,23,6.25,False,69,1
83,15,11.33,False,23,0
36,44,5.56,True,51,1
81,83,16.26,False,54,0
20,55,-8.0,False,24,0
3,98,19.55,True,77,1
42,27,-2.36,False,21,1
65,45,38.82,False,13,0
20,98,22.28,True,66,1
36,81,-9.6,True,41,1
68,87,-8.05,False,1,0
80,27,3.49,False,58,0
47,77,28.2,True,52,1
10,48,-5.39,True,0,1
94,87,23.1,True,57,1
91,94,17.58,True,14,1
43,5,11.83,True,100,1
63,97,-1.13,True,7,1
31,98,-8.36,True,48,1
20,28,15.62,True,73,1
70,65,15.73,True,49,1
9,68,-9.25,False,4,0
60,85,22.13,False,16,0
91,72,8.07,True,16,1
35,33,14.07,False,63,1
83,99,12.95,True,16,1
76,48,24.88,True,67,1
18,99,15.31,True,54,1
74,89,8.5,False,2,0
98,69,-0.18,True,32,1
97,65,-8.51,True,57,1
43,99,1.31,False,70,0
3,71,21.09,False,85,0
12,1,2.91,False,28,1
100,1,23.93,False,22,0
58,71,36.88,True,27,1
1,25,2.83,False,49,1
0,100,28.69,True,4,1
39,77,22.81,True,4,1
24,50,9.98,False,95,0
58,27,25.32,False,66,1
36,96,3.98,True,89,1
99,43,4.97,False,94,0
69,19,10.02,False,75,0
6,98,11.19,True,74,1
3,45,17.61,False,66,0
98,100,9.17,False,75,0
40,80,32.77,True,76,1
60,43,21.65,True,84,1
33,67,35.7,False,9,0
28,8,8.31,False,35,1
68,83,39.23,True,51,1
26,46,25.57,False,6,0
96,64,28.41,True,31,1
51,20,18.9,False,27,1
73,96,33.96,False,10,0
53,98,-5.1,True,48,1
69,5,28.99,True,72,1
33,85,22.6,False,89,0
7,24,32.05,False,79,1
94,2,33.96,False,26,0
72,71,13.24,False,69,0
84,75,38.12,True,82,1
7,28,30.7,True,64,1
67,95,33.45,False,36,0
85,65,-9.36,False,32,0
91,80,37.38,True,37,1
67,82,2.73,True,82,1
84,14,21.51,False,77,0
71,21,12.83,False,83,0
83,69,20.59,True,66,1
95,33,19.05,True,40,1
0,2,28.56,True,0,1
5,27,17.58,True,38,1
91,19,18.0,True,64,1
30,15,19.59,False,9,1
73,71,0.92,False,62,0
83,29,24.17,False,49,0
7,35,39.15,False,3,1
21,97,36.31,False,5,0
92,48,1.75,True,81,1
8,49,38.88,True,18,1
43,80,31.51,True,45,1
46,56,38.33,True,75,1
0,63,38.74,False,64,0
51,88,13.29,False,38,0
38,58,21.33,True,41,1
89,5,3.31,True,17,1
74,51,0.43,False,44,0
98,61,12.42,False,18,0
87,83,2.53,True,63,1
96,17,32.63,False,6,0
83,45,-7.08,False,79,0
26,96,4.46,False,54,0
78,62,-1.12,False,60,0
32,22,-5.07,False,39,1
70,97,15.49,True,0,1
97,9,32.74,True,37,1
44,5,11.79,False,36,1
59,76,3.27,False,7,0
57,61,34.11,True,45,1
50,42,36.06,False,11,0
45,16,15.29,True,4,1
4,59,22.91,True,70,1
57,17,-6.93,True,38,1
93,68,7.07,True,40,1
91,60,9.48,False,62,0
17,25,15.27,True,70,1
35,14,32.43,True,80,1
66,61,30.48,False,34,0
20,53,-9.51,True,80,1
45,81,-2.23,True,96,1
57,29,8.86,False,28,1
79,70,15.6,True,100,1
36,28,20.35,False,32,1
62,74,-2.78,False,49,0
4,5,24.81,False,8,1
77,100,34.54,False,21,0
30,100,1.19,True,50,1
87,84,16.99,True,24,1
98,55,39.49,True,16,1
35,50,22.21,True,85,1
73,86,-5.34,True,10,1
90,53,28.67,False,32,0
55,10,15.39,False,8,1
26,43,-4.4,False,59,0
22,59,15.76,False,70,0
76,30,27.76,True,90,1
79,59,-4.14,False,91,0
98,14,7.81,False,45,0
90,48,-5.88,True,89,1
51,56,-2.43,True,20,1
46,65,-7.38,True,84,1
80,7,1.31,True,77,1
61,69,12.71,False,34,0
60,15,29.57,True,4,1
47,52,24.32,False,48,0
0,32,19.38,True,78,1
10,87,39.33,False,24,0
75,78,13.18,False,65,0
13,34,35.76,True,43,1
71,29,6.83,True,77,1
94,51,11.32,False,100,0
6,89,9.86,False,97,0
45,53,19.84,True,76,1
30,4,36.6,False,16,1
15,64,28.39,False,57,0
41,26,31.7,False,5,1
38,84,29.61,False,97,0
53,5,37.6,True,95,1
43,88,-4.29,True,8,1
82,17,30.72,False,33,0
7,68,23.61,False,54,0
92,56,-8.36,True,64,1
65,32,9.94,True,32,1
41,81,5.92,False,95,0
66,72,-4.84,False,2,0
92,73,5.49,False,27,0
78,100,-4.38,True,80,1
91,31,-9.81,True,87,1
100,94,34.38,False,66,0
31,73,-2.16,True,71,1
93,48,14.39,False,45,0
50,99,-7.23,True,20,1
46,32,30.6,False,64,1
93,14,27.8,False,7,0
33,61,30.99,False,89,0
12,87,25.74,True,24,1
96,32,32.52,False,65,0
80,56,4.87,False,99,0
66,28,3.63,False,62,0
72,43,-7.89,True,94,1
10,97,38.57,True,34,1
90,50,5.3,False,92,0
27,46,1.37,True,98,1
56,72,-6.59,True,21,1
65,37,11.49,False,87,0
64,2,30.43,False,17,0
69,17,5.98,False,69,0
88,15,29.02,True,3,1
34,67,28.69,False,89,0
79,85,36.83,True,21,1
3,93,2.84,False,59,0
60,22,19.25,False,6,0
37,82,36.47,True,61,1
43,7,1.74,True,83,1
83,55,-3.26,False,22,0
88,49,9.02,False,23,0
70,26,35.52,False,85,0
20,4,27.48,False,76,1
6,89,-8.13,True,22,1
28,26,28.66,False,60,1
6,60,12.59,False,10,0
66,83,23.32,True,78,1
92,78,25.52,True,57,1
92,18,17.65,False,41,0
69,96,24.83,True,69,1
73,91,21.77,True,39,1
100,36,24.07,True,74,1
54,20,-4.8,False,61,1
77,3,27.87,False,90,0
21,18,14.55,False,26,1
31,77,-0.56,True,83,1
81,51,5.58,False,46,0
35,49,21.03,True,16,1
8,31,38.2,False,1,1
25,97,-0.6,False,83,0
21,18,34.76,False,78,1
45,12,22.34,True,9,1
86,91,14.87,True,63,1
16,98,8.51,False,63,0
25,71,-2.3,False,60,0
37,94,-3.97,False,35,0
1,45,-3.45,True,99,1
5,80,1.41,True,8,1
70,65,32.63,False,90,0
12,88,2.26,False,56,0
90,16,7.82,False,45,0
74,45,36.6,False,77,0
54,91,14.01,False,61,0
78,37,19.6,True,89,1
62,50,31.44,False,44,0
72,24,-2.86,True,52,1
71,48,16.69,True,14,1
45,76,-5.06,False,13,0
5,4,17.14,False,58,1
47,51,19.72,False,6,0
59,46,17.3,False,72,0
42,40,8.21,False,51,0
67,14,32.42,True,14,1
10,10,5.48,True,28,1
57,27,28.2,False,29,1
91,78,12.42,True,95,1
89,13,30.27,True,94,1
3,4,29.58,False,8,1
78,86,31.04,True,66,1
82,15,24.54,True,56,1
69,29,27.9,True,79,1
58,78,28.99,True,56,1
4,42,27.57,False,56,0
17,25,9.6,False,92,1
69,75,-0.13,False,98,0
63,95,38.51,False,37,0
94,91,2.82,False,42,0
24,22,39.02,True,88,1
3,43,-4.89,False,5,0
69,84,31.35,True,14,1
40,55,0.58,True,56,1
36,2,31.55,False,98,1
58,25,-6.54,False,11,1
49,0,33.34,False,16,1
55,95,10.92,False,31,0
24,56,36.24,False,76,0
33,70,22.11,True,58,1
18,82,15.82,True,59,1
97,86,18.36,True,64,1
78,62,16.82,False,61,0
7,46,-3.16,True,98,1
53,89,23.58,False,64,0
46,77,-1.06,True,57,1
33,12,31.91,False,16,1
81,62,-6.85,True,4,1
29,37,37.72,False,100,1
12,83,-2.55,False,3,0
46,31,-2.23,True,5,1
32,28,-6.5,True,94,1
34,59,-2.51,False,50,0
87,83,18.7,True,42,1
25,40,7.85,True,84,1
46,89,36.69,True,48,1
52,29,8.32,True,45,1
64,28,36.31,False,15,0
76,52,-7.07,True,92,1
73,42,1.0,False,91,0
18,10,32.13,True,55,1
4,84,-1.82,False,59,0
7,17,3.01,True,55,1
3,0,8.56,True,33,1
48,39,19.21,False,11,1
76,38,9.62,True,91,1
37,98,3.41,True,34,1
48,65,14.35,False,88,0
82,48,16.59,False,13,0
51,86,38.12,False,7,0
49,45,23.8,False,24,0
71,49,-0.39,False,65,0
90,22,28.07,False,99,0
49,92,39.06,True,82,1
29,65,-2.46,True,40,1
3,85,-1.89,True,55,1
74,66,-4.27,True,65,1
84,32,4.54,True,27,1
65,50,24.8,True,15,1
20,70,6.64,True,15,1
80,35,-5.23,False,41,0
42,100,21.5,True,77,1
28,23,28.76,False,6,1
26,82,10.25,True,96,1
87,89,23.34,False,92,0
52,79,19.45,True,56,1
48,27,22.18,True,52,1
66,85,11.09,True,6,1
9,1,13.85,False,78,1
2,9,30.75,True,31,1
89,81,19.36,True,6,1
100,11,-5.29,False,33,0
90,64,-8.51,True,58,1
68,67,15.56,True,46,1
10,61,17.23,True,26,1
12,54,30.81,True,51,1
97,36,26.52,True,32,1
37,84,1.27,False,60,0
39,19,29.68,True,46,1
32,69,21.46,True,95,1
33,84,1.66,True,7,1
26,62,15.79,True,49,1
99,68,2.0,False,39,0
89,41,26.09,False,65,0
50,80,5.09,False,5,0
88,16,14.84,True,27,1
82,57,34.91,False,38,0
20,5,39.37,False,45,1
94,96,37.89,True,23,1
28,22,28.52,True,12,1
72,3,-3.19,False,9,0
18,8,13.4,True,29,1
25,62,38.41,False,29,0
24,92,7.65,False,13,0
39,41,-2.03,False,87,0
28,74,-0.43,False,24,0
24,92,17.47,True,9,1
18,95,-8.91,True,68,1
67,11,28.51,True,37,1
44,34,9.63,True,56,1
83,91,1.17,False,75,0
45,49,4.58,False,86,0
54,71,30.16,False,60,0
0,39,-8.14,False,24,1
10,58,28.57,False,52,0
67,5,28.11,False,53,0
6,73,-5.92,True,98,1
91,88,31.55,False,46,0
99,12,-1.4,False,33,0
57,97,-3.18,True,13,1
70,59,-1.68,True,97,1
19,78,-9.86,False,71,0
34,15,16.67,True,12,1
50,4,8.45,False,73,1
20,22,-2.84,True,46,1
43,52,33.44,True,29,1
0,66,15.31,True,12,1
100,71,7.44,True,55,1
66,72,16.64,True,48,1
97,5,30.46,True,35,1
12,39,-1.45,True,34,1
15,79,33.28,True,58,1
33,79,19.27,True,60,1
23,41,20.78,False,1,0
12,89,19.43,False,17,0
5,22,1.07,False,43,1
38,89,-0.76,True,55,1
1,89,13.87,False,9,0
10,19,7.82,True,55,1
6,62,2.04,True,16,1
6,29,19.06,True,67,1
38,9,32.81,True,41,1
75,11,17.84,False,86,0
85,99,35.33,True,47,1
50,26,25.84,True,84,1
51,82,35.02,False,88,0
2,72,0.09,True,97,1
76,1,19.37,False,58,0
29,99,7.73,True,84,1
9,46,27.19,True,85,1
72,55,12.49,True,36,1
5,10,10.61,True,12,1
53,74,-2.85,True,26,1
65,24,7.73,False,2,0
43,95,23.39,True,22,1
79,43,15.44,False,46,0
62,91,15.96,False,83,0
76,13,22.41,False,18,0
47,78,3.79,False,34,0
76,55,1.04,False,95,0
21,5,38.39,False,67,1
18,23,-3.11,True,0,1
89,42,-5.95,False,27,0
13,49,25.18,True,48,1
94,75,22.36,True,86,1
92,56,8.55,True,3,1
85,43,-6.16,False,96,0
6,24,3.98,True,11,1
100,81,-6.89,True,88,1
48,21,39.46,False,28,1
40,94,24.77,False,40,0
26,18,11.59,False,73,1
30,63,35.99,True,2,1
5,89,18.27,False,78,0
15,29,25.56,False,59,1
63,37,15.34,False,10,0
37,49,31.32,True,4,1
59,40,39.12,True,73,1
95,95,10.61,False,90,0
96,11,-2.64,False,8,0
80,56,10.09,True,37,1
32,63,29.89,True,98,1
62,14,-9.99,False,91,0
10,32,37.73,True,58,1
12,65,23.13,True,58,1
93,65,5.53,False,49,0
64,36,14.49,False,19,0
29,25,3.2,True,35,1
90,76,11.8,True,36,1
22,72,21.91,False,74,0
19,50,23.7,False,49,0
5,12,6.14,True,18,1
36,24,-8.85,False,4,1
83,19,8.86,False,88,0
100,67,8.77,True,79,1
5,10,10.6,False,49,1
92,7,38.29,False,94,0
76,52,38.5,False,13,0
26,92,-2.56,True,51,1
83,14,35.67,False,16,0
12,72,38.92,False,55,0
7,46,2.83,False,75,0
52,99,27.05,False,61,0
80,35,-1.23,False,98,0
29,81,13.6,False,17,0
0,23,20.36,False,70,1
87,61,-1.02,False,24,0
79,53,17.36,True,93,1
74,12,26.94,False,93,0
3,45,23.37,False,66,0
61,7,21.54,False,75,0
67,47,-3.98,False,46,0
16,39,37.82,False,40,1
73,94,-2.95,False,81,0
84,19,20.61,True,39,1
56,50,-3.52,True,9,1
62,65,16.99,True,26,1
56,43,33.37,False,20,0
48,82,21.51,True,57,1
17,78,35.43,False,68,0
57,89,22.93,False,66,0
9,56,12.77,True,52,1
62,72,13.34,False,39,0
79,50,0.58,True,83,1
78,34,37.69,True,63,1
33,90,5.55,True,7,1
4,11,10.0,True,31,1
16,11,-8.51,True,96,1
100,36,9.4,True,68,1
71,49,-4.16,True,27,1
62,76,-0.43,False,24,0
23,81,29.48,False,55,0
91,95,13.61,True,8,1
7,74,31.89,True,44,1
22,48,6.14,False,53,0
98,74,9.16,True,90,1
30,11,31.61,True,38,1
80,93,-6.62,False,27,0
27,34,31.02,True,98,1
47,74,0.27,False,43,0
11,76,22.75,False,76,0
87,39,16.64,False,8,0
78,10,29.46,False,40,0
30,2,28.32,True,32,1
90,75,18.77,True,64,1
34,46,19.03,True,81,1
54,51,26.72,False,76,0
81,41,20.53,False,16,0
35,91,17.95,False,75,0
71,3,14.88,False,79,0
59,16,37.88,True,92,1
37,63,1.06,True,51,1
68,64,11.85,True,64,1
53,13,10.94,True,92,1
13,38,19.33,False,36,1
19,4,24.19,False,60,1
8,3,1.14,True,18,1
96,19,18.09,False,81,0
81,81,36.02,True,25,1
69,16,1.72,False,40,0
100,71,-4.46,False,25,0
1,24,3.96,False,4,1
29,11,17.64,False,10,1
5,22,12.62,False,97,1
80,60,12.02,True,86,1
40,91,22.71,False,97,0
22,2,35.82,False,82,1
30,8,-0.71,True,35,1
19,72,7.43,True,84,1
4,89,9.26,True,5,1
20,38,-2.33,False,58,1
74,52,34.53,False,99,0
67,97,36.62,True,47,1
86,88,39.96,True,77,1
60,63,1.86,False,30,0
93,21,-6.41,False,11,0
41,4,-2.58,False,8,1
40,31,31.04,False,26,1
60,75,36.48,False,95,0
81,37,7.79,True,90,1
51,7,38.12,True,50,1
40,22,29.85,True,19,1
59,42,7.67,False,55,0
94,59,32.55,False,31,0
29,95,22.05,False,70,0
97,54,12.32,False,51,0
94,73,12.6,False,37,0
37,51,38.11,True,11,1
88,82,4.65,True,79,1
16,23,23.48,False,44,1
99,83,30.21,False,53,0
39,25,9.27,True,4,1
29,57,13.21,True,99,1
65,69,22.11,False,17,0
23,89,19.39,True,25,1
72,45,26.66,False,54,0
0,88,32.78,False,76,0
87,51,17.09,True,0,1
37,59,37.97,False,96,0
63,44,4.06,False,70,0
26,26,-6.66,False,99,1
89,43,9.22,True,41,1
89,32,38.2,True,83,1
6,30,28.2,False,99,1
88,14,-0.16,True,93,1
79,71,38.99,False,87,0
41,96,25.12,False,25,0
17,61,29.96,True,84,1
80,1,-7.31,False,44,0
43,47,26.13,True,72,1
